Subject_ID,GT_HR,Pred_HR,Absolute_Error
tensor(40),80.555725,89.29338,8.737656
tensor(41),98.778404,89.29325,9.485153
tensor(42),81.5164,89.29335,7.776947
tensor(43),98.236725,89.29335,8.943375
tensor(44),83.00938,89.29329,6.2839127
tensor(45),99.32817,89.29333,10.034843
