Subject_ID,GT_HR,Pred_HR,Absolute_Error
tensor(40),80.555725,90.49725,9.941528
tensor(41),98.778404,90.497025,8.28138
tensor(42),81.5164,90.497116,8.980713
tensor(43),98.236725,90.497345,7.73938
tensor(44),83.00938,90.49733,7.487953
tensor(45),99.32817,90.49721,8.830963
