Subject_ID,GT_HR,Pred_HR,Absolute_Error
tensor(40),80.555725,89.74443,9.188705
tensor(41),98.778404,89.74443,9.033974
tensor(42),81.5164,89.74443,8.228027
tensor(43),98.236725,89.74442,8.492302
tensor(44),83.00938,89.74443,6.735054
tensor(45),99.32817,89.74443,9.58374
