Subject_ID,GT_HR,Pred_HR,Absolute_Error
tensor(40),80.555725,89.12611,8.570381
tensor(41),98.778404,89.12598,9.652428
tensor(42),81.5164,89.12606,7.6096573
tensor(43),98.236725,89.12606,9.110664
tensor(44),83.00938,89.126015,6.116638
tensor(45),99.32817,89.126045,10.202126
