Subject_ID,GT_HR,Pred_HR,Absolute_Error
tensor(40),80.555725,92.05477,11.499046
tensor(41),98.778404,92.05482,6.723587
tensor(42),81.5164,92.05479,10.5383835
tensor(43),98.236725,92.05479,6.181938
tensor(44),83.00938,92.0548,9.045425
tensor(45),99.32817,92.054794,7.2733765
