Subject_ID,GT_HR,Pred_HR,Absolute_Error
tensor(40),80.555725,91.0103,10.454575
tensor(41),98.778404,91.01032,7.7680817
tensor(42),81.5164,91.010475,9.494072
tensor(43),98.236725,91.01041,7.2263184
tensor(44),83.00938,91.010544,8.001167
tensor(45),99.32817,91.010345,8.317825
