Subject_ID,GT_HR,Pred_HR,Absolute_Error
tensor(1),97.17928,7.732872,89.44641
tensor(10),98.11598,7.732843,90.38314
