Subject_ID,GT_HR,Pred_HR,Absolute_Error
tensor(40),80.555725,90.478584,9.922859
tensor(41),98.778404,90.47861,8.299797
tensor(42),81.5164,90.47856,8.962158
tensor(43),98.236725,90.4787,7.758026
tensor(44),83.00938,90.47869,7.4693146
tensor(45),99.32817,90.47856,8.849609
