Subject_ID,GT_HR,Pred_HR,Absolute_Error
tensor(40),80.555725,89.98687,9.431145
tensor(41),98.778404,89.986885,8.791519
tensor(42),81.5164,89.98687,8.470467
tensor(43),98.236725,89.98688,8.249847
tensor(44),83.00938,89.98688,6.977501
tensor(45),99.32817,89.98688,9.341293
