Subject_ID,GT_HR,Pred_HR,Absolute_Error
tensor(40),80.555725,92.05962,11.503899
tensor(41),98.778404,92.05969,6.718712
tensor(42),81.5164,92.05964,10.543236
tensor(43),98.236725,92.05964,6.177086
tensor(44),83.00938,92.059654,9.050278
tensor(45),99.32817,92.05965,7.268524
