Subject_ID,GT_HR,Pred_HR,Absolute_Error
tensor(40),80.555725,88.69593,8.140205
tensor(41),98.778404,88.69593,10.082474
tensor(42),81.5164,88.69593,7.1795273
tensor(43),98.236725,88.69593,9.540794
tensor(44),83.00938,88.69593,5.686554
tensor(45),99.32817,88.69593,10.63224
